{
    "5": {
        "score": 0.9000000000000001,
        "best_move": null,
        "depth": 0,
        "type": "upperbound",
        "alpha": -1.4,
        "beta": -1.3,
        "key": 97253247970783141627696158254133214626723183754578860952581678980469093274326
    },
    "11": {
        "score": 0.7,
        "best_move": null,
        "depth": 0,
        "type": "upperbound",
        "alpha": -1.4,
        "beta": -1.3,
        "key": 97099333628526047155892962193277155563408276221810102415445791296967544552842
    },
    "2": {
        "score": 0.3999999999999999,
        "best_move": null,
        "depth": 0,
        "type": "upperbound",
        "alpha": -2.051,
        "beta": -1.3,
        "key": 50748224828898346754090903817765427304973961966557138722758407351853681941346
    },
    "16": {
        "score": 0.7,
        "best_move": null,
        "depth": 0,
        "type": "upperbound",
        "alpha": -1.5,
        "beta": -1.3,
        "key": 27743862471755306224722081178922584423841896621552293603444778719777863745732
    },
    "6": {
        "score": -0.28300000000000014,
        "best_move": "d7d5",
        "depth": 1,
        "type": "upperbound",
        "alpha": -Infinity,
        "beta": -1.3,
        "key": 14848359307006745432036997286258141555432625079811671311470889171438914382980
    },
    "14": {
        "score": 1.1,
        "best_move": null,
        "depth": 0,
        "type": "upperbound",
        "alpha": -Infinity,
        "beta": -1.3,
        "key": 8330019727615406515198583382449717976592467505919535307044337365208874161299
    },
    "10": {
        "score": -1.4170000000000003,
        "best_move": null,
        "depth": 0,
        "type": "upperbound",
        "alpha": -Infinity,
        "beta": -1.5,
        "key": 77994614585989752769718361023414840718020463429366106761294450576744770418852
    },
    "13": {
        "score": 1.1,
        "best_move": null,
        "depth": 0,
        "type": "upperbound",
        "alpha": -Infinity,
        "beta": -1.3,
        "key": 8330019727615406515198583382449717976592467505919535307046916221989235187876
    },
    "8": {
        "score": 0.8,
        "best_move": null,
        "depth": 0,
        "type": "upperbound",
        "alpha": -1.5,
        "beta": -1.3,
        "key": 87007133054506196904767407070211023339600875293092121414820092725989553712023
    },
    "3": {
        "score": 0.8,
        "best_move": null,
        "depth": 0,
        "type": "upperbound",
        "alpha": -1.5,
        "beta": -1.3,
        "key": 87007133054506196904767407070211023339600875293092121414822770952027061120688
    },
    "18": {
        "score": -1.3170000000000002,
        "best_move": null,
        "depth": 0,
        "type": "upperbound",
        "alpha": -Infinity,
        "beta": -1.4169999999999998,
        "key": 60172025175136223863626348361968171185174870130113108084769198047608427557137
    },
    "20": {
        "score": -1.3170000000000002,
        "best_move": null,
        "depth": 0,
        "type": "upperbound",
        "alpha": -Infinity,
        "beta": -1.4169999999999998,
        "key": 60172025175136223863626348361968171185174870130113108084768576013894060888427
    },
    "1": {
        "score": 1.5,
        "best_move": null,
        "depth": 0,
        "type": "upperbound",
        "alpha": -Infinity,
        "beta": -1.3,
        "key": 84465829766971779341294538965157769365058906135168749403846005306347867519916
    },
    "21": {
        "score": 0.6489999999999999,
        "best_move": null,
        "depth": 0,
        "type": "upperbound",
        "alpha": -1.5,
        "beta": -1.3,
        "key": 45126251002512164981610477461378001728414163142072296620282831696277840317670
    },
    "9": {
        "score": 0.7,
        "best_move": null,
        "depth": 0,
        "type": "upperbound",
        "alpha": -1.4,
        "beta": -1.3,
        "key": 97099333628526047155892962193277155563408276221810102415441360547509617111640
    },
    "7": {
        "score": -1.3,
        "best_move": "g8f6",
        "depth": 3,
        "type": null,
        "alpha": -Infinity,
        "beta": -1.3,
        "key": 107703010527174108339409813446111924393934139410842154694643177139127860963346
    },
    "19": {
        "score": 1.0,
        "best_move": null,
        "depth": 0,
        "type": "upperbound",
        "alpha": -1.5,
        "beta": -1.3,
        "key": 69595355707537426919732839233972259074886755461089880676360396799434945721531
    },
    "12": {
        "score": 0.8,
        "best_move": null,
        "depth": 0,
        "type": "upperbound",
        "alpha": -1.5,
        "beta": -1.3,
        "key": 87007133054506196904767407070211023339600875293092121414827559527827654146945
    },
    "0": {
        "score": -1.8170000000000002,
        "best_move": null,
        "depth": 0,
        "type": "upperbound",
        "alpha": -Infinity,
        "beta": -2.0,
        "key": 79071254316718255959705644696963470394960770665546073748695255148085409910972
    },
    "15": {
        "score": 0.8,
        "best_move": null,
        "depth": 0,
        "type": "upperbound",
        "alpha": -1.5,
        "beta": -1.3,
        "key": 87007133054506196904767407070211023339600875293092121414812752112177868922652
    },
    "4": {
        "score": 0.7,
        "best_move": null,
        "depth": 0,
        "type": "upperbound",
        "alpha": -1.4,
        "beta": -1.3,
        "key": 97099333628526047155892962193277155563408276221810102415438932899756498131323
    },
    "17": {
        "score": 0.8,
        "best_move": null,
        "depth": 0,
        "type": "upperbound",
        "alpha": -1.5,
        "beta": -1.3,
        "key": 87007133054506196904767407070211023339600875293092121414818745706115412131174
    },
    "11": {
        "score": 1.2,
        "best_move": null,
        "depth": 0,
        "type": "upperbound",
        "alpha": -Infinity,
        "beta": -0.6000000000000001,
        "key": 30318035654133135941445465958717057244142768300468313287824324389144642297760
    },
    "2": {
        "score": -0.10000000000000003,
        "best_move": null,
        "depth": 0,
        "type": "upperbound",
        "alpha": -Infinity,
        "beta": -0.6000000000000001,
        "key": 79404820814134741069882742201022676807797611622585877500555760889327224039808
    },
    "6": {
        "score": 1.2,
        "best_move": null,
        "depth": 0,
        "type": "upperbound",
        "alpha": -Infinity,
        "beta": -0.6000000000000001,
        "key": 30318035654133135941445465958717057244142768300468313287828679558948134769913
    },
    "0": {
        "score": -0.6000000000000001,
        "best_move": "g8f6",
        "depth": 3,
        "type": "exact",
        "alpha": -Infinity,
        "beta": Infinity,
        "key": 17378030452905995276849156461410890866091994915380066246597970818633026600699
    },
    "3": {
        "score": 1.6,
        "best_move": null,
        "depth": 0,
        "type": "upperbound",
        "alpha": -Infinity,
        "beta": -0.6000000000000001,
        "key": 100619375503401197555520849642602060650481540315684118617037691554388825653467
    },
    "18": {
        "score": 0.30000000000000004,
        "best_move": null,
        "depth": 0,
        "type": "upperbound",
        "alpha": -Infinity,
        "beta": -0.6000000000000001,
        "key": 20861115306600933333789669372808435359975479038557129962656382880311201522452
    },
    "20": {
        "score": 1.6,
        "best_move": null,
        "depth": 0,
        "type": "upperbound",
        "alpha": -Infinity,
        "beta": -0.6000000000000001,
        "key": 100619375503401197555520849642602060650481540315684118617032476183431613946188
    },
    "8": {
        "score": 0.10000000000000003,
        "best_move": null,
        "depth": 0,
        "type": "upperbound",
        "alpha": -Infinity,
        "beta": -0.6000000000000001,