{
    "11": {
        "score": -1.9340000000000002,
        "best_move": null,
        "depth": 0,
        "type": "upperbound",
        "alpha": -Infinity,
        "beta": -1.9340000000000002,
        "key": 59528911404072370198217945410447809833426210902603829931583479716962474978263
    },
    "2": {
        "score": -1.534,
        "best_move": null,
        "depth": 0,
        "type": "upperbound",
        "alpha": -Infinity,
        "beta": -1.734,
        "key": 49545787284918624575260845385546652527655471920907771714270178429870427746737
    },
    "6": {
        "score": -1.734,
        "best_move": null,
        "depth": 0,
        "type": "upperbound",
        "alpha": -Infinity,
        "beta": -1.9340000000000002,
        "key": 51586911902869855221277307469636290994599841958593454683633068839164634344331
    },
    "0": {
        "score": -0.8339999999999999,
        "best_move": null,
        "depth": 0,
        "type": "upperbound",
        "alpha": -Infinity,
        "beta": -1.534,
        "key": 46285906854752587699804869555244970042004203267734524803591101910632287348952
    },
    "3": {
        "score": 0.49999999999999994,
        "best_move": null,
        "depth": 0,
        "type": "upperbound",
        "alpha": -1.851,
        "beta": -1.5,
        "key": 42930523695028794915280947786765726312516669718157788590377596408746297022512
    },
    "18": {
        "score": 0.49999999999999994,
        "best_move": null,
        "depth": 0,
        "type": "upperbound",
        "alpha": -1.734,
        "beta": -1.5,
        "key": 40035309390108953985344251579677079538225020030868982054992076910840317293683
    },
    "20": {
        "score": -1.734,
        "best_move": null,
        "depth": 0,
        "type": "upperbound",
        "alpha": -Infinity,
        "beta": -1.9340000000000002,
        "key": 51586911902869855221277307469636290994599841958593454683647874233982091877895
    },
    "8": {
        "score": -1.5,
        "best_move": "d7d6",
        "depth": 3,
        "type": "exact",
        "alpha": -Infinity,
        "beta": Infinity,
        "key": 11621240318927317888324596809739092803570738642147907418863060583517757203132
    },
    "13": {
        "score": -0.10000000000000003,
        "best_move": "f3e5",
        "depth": 2,
        "type": "upperbound",
        "alpha": -0.10000000000000003,
        "beta": -1.5,
        "key": 51540450789935566026279252532693254199634360569463305650573431728558469847845
    },
    "1": {
        "score": -1.534,
        "best_move": null,
        "depth": 0,
        "type": "upperbound",
        "alpha": -Infinity,
        "beta": -1.734,
        "key": 49545787284918624575260845385546652527655471920907771714262466569746356506468
    },
    "16": {
        "score": 0.49999999999999994,
        "best_move": null,
        "depth": 0,
        "type": "upperbound",
        "alpha": -1.851,
        "beta": -1.5,
        "key": 42930523695028794915280947786765726312516669718157788590372542981014073037067
    },
    "9": {
        "score": 1.2489999999999999,
        "best_move": null,
        "depth": 0,
        "type": "upperbound",
        "alpha": 0.49999999999999994,
        "beta": 1.049,
        "key": 35861284276579185267033882522648293098692554261940187938532216494194595839214
    },
    "5": {
        "score": 1.0,
        "best_move": null,
        "depth": 0,
        "type": "upperbound",
        "alpha": -Infinity,
        "beta": -1.5,
        "key": 93352958178891796324111333067478617871920294319512615684088714554192745336441
    },
    "7": {
        "score": 0.49999999999999994,
        "best_move": null,
        "depth": 0,
        "type": "upperbound",
        "alpha": -1.851,
        "beta": -1.5,
        "key": 42930523695028794915280947786765726312516669718157788590371092341242521810916
    },
    "15": {
        "score": -1.5510000000000002,
        "best_move": null,
        "depth": 0,
        "type": "upperbound",
        "alpha": -Infinity,
        "beta": -1.5510000000000002,
        "key": 78992914914763938158825036910558327582903187904792926654136715705720070730925
    },
    "21": {
        "score": -1.134,
        "best_move": null,
        "depth": 0,
        "type": "upperbound",
        "alpha": -Infinity,
        "beta": -1.734,
        "key": 14839832360073986320399888818167099097774071408624220749848364080191156901089
    },
    "12": {
        "score": 0.49999999999999994,
        "best_move": null,
        "depth": 0,
        "type": "upperbound",
        "alpha": -1.851,
        "beta": -1.5,
        "key": 42930523695028794915280947786765726312516669718157788590384535897172569291969
    },
    "10": {
        "score": -1.734,
        "best_move": "f3g5",
        "depth": 1,
        "type": null,
        "alpha": -Infinity,
        "beta": -1.734,
        "key": 84060709918840507104796313980778834092365360235574104187482545248144816159017
    },
    "14": {
        "score": 2.3,
        "best_move": null,
        "depth": 0,
        "type": "upperbound",
        "alpha": -1.734,
        "beta": -1.5,
        "key": 1497247811748891304488205745014219821312713926970766078752779747886148530918
    },
    "4": {
        "score": 1.1,
        "best_move": null,
        "depth": 0,
        "type": "upperbound",
        "alpha": -Infinity,
        "beta": -1.5,
        "key": 111950986268460981192303379038865603572662024588147913680737136941244250183121
    },
    "17": {
        "score": -1.734,
        "best_move": null,
        "depth": 0,
        "type": "upperbound",
        "alpha": -Infinity,
        "beta": -1.9340000000000002,
        "key": 51586911902869855221277307469636290994599841958593454683643789104012101555550
    },
    "19": {
        "score": 0.29999999999999993,
        "best_move": null,
        "depth": 0,
        "type": "upperbound",
        "alpha": -2.151,
        "beta": -1.3,
        "key": 110661864992982575859657836587784023495282271649507294390146051585014173915451
    },
    "16": {
        "score": 2.9000000000000004,
        "best_move": null,
        "depth": 0,
        "type": "upperbound",
        "alpha": -Infinity,
        "beta": -1.5999999999999999,
        "key": 81027099589342916631715882663639107119561941079858959213042582249423849819552
    },
    "6": {
        "score": -1.5999999999999999,
        "best_move": "d7d6",
        "depth": 3,
        "type": "exact",
        "alpha": -Infinity,
        "beta": Infinity,
        "key": 16246179281958053262135445659542840234080274494202547116721658547541932805094
    },
    "8": {
        "score": 3.483,
        "best_move": null,
        "depth": 0,
        "type": "upperbound",
        "alpha": -Infinity,
        "beta": -1.2,
        "key": 90469064556789386216502245438870113113640448280246956079762061504521701942602
    },
    "13": {
        "score": -1.2,
        "best_move": "b5c6",
        "depth": 2,
        "type": "upperbound",
        "alpha": -1.2,
        "beta": -1.5999999999999999,
        "key": 4101408546416034611521502391145094475338071387220726025867770272669621972861
    },
    "17": {
        "score": -0.9999999999999998,
        "best_move": "g8h8",
        "depth": 1,
        "type": "upperbound",
        "alpha": -0.9999999999999998,
        "beta": -1.6999999999999997,
        "key": 36910704104490528762419079020924448660289786169486275431592064378821368080336
    },
    "10": {
        "score": -0.9999999999999998,
        "best_move": null,
        "depth": 0,
        "type": "upperbound",
        "alpha": -1.7999999999999998,
        "beta": -1.6999999999999997,
        "key": 26001184086404463912879748842329496535831139697094138614525357328716132517929
    },
    "18": {
        "score": -1.1,
        "best_move": null,
        "depth": 0,
        "type": "upperbound",
        "alpha": -Infinity,
        "beta": -1.2,
        "key": 85579552784647590496508007666366383923429114100668010637718103568947356843869
    },